foreground_input,quantity,unit,database,release,dataset_id,dataset_version,dataset_name,geography,reference_unit,conversion_factor,source_url,retrieved_at_utc,source_sha256,alternatives_considered,selection_reason,proxy_or_exact,unresolved_gap
Stainless steel,0.186,kg,Commons Merged / USLCI,searched v0.1.0-alpha,not selected,unknown,unknown,unknown,unknown,unknown,https://github.com/FLCAC-admin/commons_merged/releases/tag/v0.1.0-alpha,2026-10-08T06:32:20.625936+00:00,not applicable,no name hits,no suitable product flow/grade or unknown activity quantity,unresolved,material supply or service activity not calculated
Stainless steel,0.186,kg,TianGong historical public git,repository v0.2.0; commit c50cab7961e0b0ca11c26a600bd4c90fea6c6c32,6fcb8304-d211-4c79-a9de-a1b07058ce02,unknown,"Stainless steel ; scrap steel,pig iron(lump)，ferrochrome alloy,direct reduction iron,slagging agent ; Electric furnace method ; All sizes; NESPS2",China/unknown,unknown,not applied,https://github.com/tiangong-lca/data/blob/c50cab7961e0b0ca11c26a600bd4c90fea6c6c32/tiangong_lca_data/processes/6fcb8304-d211-4c79-a9de-a1b07058ce02.xml,2026-10-08T06:32:20.625936+00:00,fd8679219f8dea8eeff0a4eb64322d41519f5f8c317dbe02c0a09bd7402ea94a,"f62bfcf6-763d-4b9f-9744-1e18984eb129:Welding ; Welded parts ; Structural steel electrodes (JXXX), molybdenum and chromium-molybdenum heat-resistant steel electrodes (RXXX), stainless steel electrodes (G/AXXX), overlay welding electrodes (DXXX), low-temperature steel electrodes (WXXX), cast iron electrodes (ZXXX), nickel and nickel alloy electrodes (NiXXX), copper and copper alloy electrodes (TXXX), aluminum and aluminum alloy electrodes (LXXX), special-purpose electrodes ( TSXXX) ; Manual arc welding ; All sizes; NESPS2;6fcb8304-d211-4c79-a9de-a1b07058ce02:Stainless steel ; scrap steel,pig iron(lump)，ferrochrome alloy,direct reduction iron,slagging agent ; Electric furnace method ; All sizes; NESPS2;5c26ad7e-d85e-4fc5-af83-c862d63ab4dc:Repair welding ; Metal products repair parts, general equipment repair parts, special equipment repair parts welding parts ; Structural steel electrodes (JXXX), molybdenum and chromium-molybdenum heat-resistant steel electrodes (RXXX), stainless steel electrodes (G/AXXX), overlay welding electrodes (DXXX), low-temperature steel electrodes (WXXX), cast iron electrodes (ZXXX), nickel and nickel alloy electrodes (NiXXX), copper and copper alloy electrodes (TXXX), aluminum and aluminum alloy electrodes (LXXX), special-purpose electrodes ( TSXXX) ; Dismantling, cleaning, welding (manual arc welding), installation, inspection and testing ; All sizes; NESPS2","candidate only: region, product/flow mapping and complete LCIA compatibility not verified",candidate,not included in US-modelled calculation
Brass,0.02025,kg,Commons Merged / USLCI,searched v0.1.0-alpha,not selected,unknown,unknown,unknown,unknown,unknown,https://github.com/FLCAC-admin/commons_merged/releases/tag/v0.1.0-alpha,2026-10-08T06:32:20.625936+00:00,not applicable,no name hits,no suitable product flow/grade or unknown activity quantity,unresolved,material supply or service activity not calculated
Copper,0.015,kg,Commons Merged / USLCI,searched v0.1.0-alpha,not selected,unknown,unknown,unknown,unknown,unknown,https://github.com/FLCAC-admin/commons_merged/releases/tag/v0.1.0-alpha,2026-10-08T06:32:20.625936+00:00,not applicable,f0810c41-81cd-3dea-83b2-7a66c7fd9362:Copper sulfate; chemical reaction process; at processing plant;6373ec73-ca57-47bd-8284-2f3cc25b8637:Copper; at storage Bridge; USLCI to USEEIO,no suitable product flow/grade or unknown activity quantity,unresolved,material supply or service activity not calculated
Copper,0.015,kg,TianGong historical public git,repository v0.2.0; commit c50cab7961e0b0ca11c26a600bd4c90fea6c6c32,affec622-8421-4bf1-8abf-3b38a85e24da,unknown,primary copper production;Copper cathode;Flash smelting;copper concentrate,China/unknown,unknown,not applied,https://github.com/tiangong-lca/data/blob/c50cab7961e0b0ca11c26a600bd4c90fea6c6c32/tiangong_lca_data/processes/affec622-8421-4bf1-8abf-3b38a85e24da.xml,2026-10-08T06:32:20.625936+00:00,f2be19855b94351318242e2a28486a69811ca3d8ae055b17287c188a11f14864,"fd49dcc5-d02b-4597-a9ee-c965f73d4dfb:Electroplating ; Electroplated products (except electronic components, circuit boards) ; Copper, other ; Chemical copper plating (barrel plating) ; All sizes; NESPS2;fb43bb9e-eb01-48ed-ad3e-7f3662b3cdfe:Copper Tubes ; Electrolytic copper/copper alloy ; Casting + hot rolling + extrusion/cold drawing ; All sizes; NESPS2;fa57797d-3069-46e9-8822-1ad121b49a77:Copper containing waste liquid ; Recycled copper, copper-containing recycled raw materials ; Chemical extraction ; All sizes; NESPS2","candidate only: region, product/flow mapping and complete LCIA compatibility not verified",candidate,not included in US-modelled calculation
Polypropylene (PP),0.35025,kg,Commons Merged / USLCI,Commons_Merged_v0.1.0-alpha; USLCI v1.2026-06.1,89a2b59a-1ca2-34f5-acc8-a8eaaa6fa870,00.00.021,Injection molding; rigid polypropylene part; at plant,United States of America (the),kg,1 kg finished/kg reference,https://github.com/FLCAC-admin/commons_merged/releases/download/v0.1.0-alpha/Commons_Merged_v0.1.0-alpha.zip,2026-10-08T06:32:20.625936+00:00,bb7cfb1f13e1f3369b01308ac08870aaf1d9eff8b745e26b5cd5622c6ba827d8,"2e8facf6-46aa-4ddb-95de-a4e2a00eb2bb:Polypropylene, PP; virgin resin; at plant;185648c2-334e-419c-bf16-bb95e258f6bb:Recycled postconsumer polypropylene, PP, pellet; at plant;18c37a18-0ddd-3944-b9b1-458410215233:Thermoforming; rigid polypropylene part; at plant;89a2b59a-1ca2-34f5-acc8-a8eaaa6fa870:Injection molding; rigid polypropylene part; at plant",molded PP part includes resin and molding; do not add resin separately,proxy,provider and CF gaps; some foreground conversion/transport/assembly unknown
Polypropylene (PP),0.35025,kg,TianGong historical public git,repository v0.2.0; commit c50cab7961e0b0ca11c26a600bd4c90fea6c6c32,91a5462f-3a1a-49e9-afec-07b60609dfaf,unknown,"Polypropylene ; Propylene, ethylene, hydrogen, triethyl aluminum ; gas phase method ; All sizes; NESPS2",China/unknown,unknown,not applied,https://github.com/tiangong-lca/data/blob/c50cab7961e0b0ca11c26a600bd4c90fea6c6c32/tiangong_lca_data/processes/91a5462f-3a1a-49e9-afec-07b60609dfaf.xml,2026-10-08T06:32:20.625936+00:00,34f18802a7cff31e269871933738438c70284d577ce62ff40615cd8c18f13283,d620aae0-5c6c-4e19-b7a7-7bd99718ce20:Polypropylene filament ; Polypropylene ; Slicing - melting - spinning - winding ; All sizes; NESPS2;bcd11eaa-616b-491f-bf87-e25393ed3fcf:Polypropylene Staple Fiber ; Polypropylene ; Slicing - melting - spinning - bundling - drawing - crimping - setting - cutting ; All sizes; NESPS2;b8bcc804-5a15-4a20-8b19-5838f23840e7:Polypropylene (PP) Production ; Coal to Polypropylene ; HDDMTO,"candidate only: region, product/flow mapping and complete LCIA compatibility not verified",candidate,not included in US-modelled calculation
Polyvinyl chloride (PVC),0.0435,kg,Commons Merged / USLCI,Commons_Merged_v0.1.0-alpha; USLCI v1.2026-06.1,3dbccdda-2014-4239-ad1f-4e15c034942b,00.01.014,"Polyvinyl chloride resin, PVC; suspension grade; at plant",United States of America (the),kg,1 kg finished/kg reference,https://github.com/FLCAC-admin/commons_merged/releases/download/v0.1.0-alpha/Commons_Merged_v0.1.0-alpha.zip,2026-10-08T06:32:20.625936+00:00,00c99eb79be6426cd92fc6e4773921af0ab524a8dc7866ee7d3937dbaaa4b8c7,"3dbccdda-2014-4239-ad1f-4e15c034942b:Polyvinyl chloride resin, PVC; suspension grade; at plant;3614b7fc-8ce3-396c-a092-cce24460b44f:Single-ply white polyester reinforced PVC roofing membrane; 40 mils, 1.016 mm;662f589e-3363-3b4d-92a4-c98f68bc3339:Single-ply white polyester reinforced PVC roofing membrane; 48 mils, 1.219 mm;d5b7de33-7b2e-3807-9790-76a0254cc6bf:Single-ply white polyester reinforced PVC roofing membrane; 80 mils, 2.032 mm;d91ee594-22ae-390a-93ed-1f6b7be34714:Single-ply white polyester reinforced PVC roofing membrane; 60 mils, 1.524 mm",resin supply only; component conversion absent,proxy,provider and CF gaps; some foreground conversion/transport/assembly unknown
Polyvinyl chloride (PVC),0.0435,kg,TianGong historical public git,repository v0.2.0; commit c50cab7961e0b0ca11c26a600bd4c90fea6c6c32,394548b3-e2f7-46bc-be9d-f43824d8d0c3,unknown,"Polyvinyl Chloride ; Ethylene, chlorine, oxygen ; Ethylene oxychlorination ; All sizes; NESPS2",China/unknown,unknown,not applied,https://github.com/tiangong-lca/data/blob/c50cab7961e0b0ca11c26a600bd4c90fea6c6c32/tiangong_lca_data/processes/394548b3-e2f7-46bc-be9d-f43824d8d0c3.xml,2026-10-08T06:32:20.625936+00:00,31f0f59c3986eb3351508ce7f48dca33162258727bef4344af484b5bc101669f,"f875dd7d-668c-4915-8636-c3bbe94bb746:PVC production and waste ; PVC materials;f2fd50e3-5833-4125-a24f-a2feb48eee3b:Scrap PVC ; Recycled plastic particles ; Dry crushing ; All sizes; NESPS2;e224d7f9-35a8-4a8d-bcff-58eaa06bdd97:Power lead battery ; Lead, sulfuric acid glass fiber (or PVC) ; Assemble ; greater than or equal to0.5 million kVA; NESPS2","candidate only: region, product/flow mapping and complete LCIA compatibility not verified",candidate,not included in US-modelled calculation
"Nylon, grade unspecified",0.0495,kg,Commons Merged / USLCI,searched v0.1.0-alpha,not selected,unknown,unknown,unknown,unknown,unknown,https://github.com/FLCAC-admin/commons_merged/releases/tag/v0.1.0-alpha,2026-10-08T06:32:20.625936+00:00,not applicable,052c051b-b37f-4f00-9fe8-f5b2764b69c1:Nylon 66 Bridge; USLCI to USEEIO;a2174501-418e-4b2e-9dbd-fa81f5f0bcc7:Nylon 6 Bridge; USLCI to USEEIO,no suitable product flow/grade or unknown activity quantity,unresolved,material supply or service activity not calculated
"Nylon, grade unspecified",0.0495,kg,TianGong historical public git,repository v0.2.0; commit c50cab7961e0b0ca11c26a600bd4c90fea6c6c32,e88dc78d-a163-4579-9ec7-b9cea7fea08e,unknown,Nylon 6 industrial yarn ; Nylon 6 slices ; Slicing - drying - melting - spinning - multi-stage drafting - winding ; All sizes; NESPS2,China/unknown,unknown,not applied,https://github.com/tiangong-lca/data/blob/c50cab7961e0b0ca11c26a600bd4c90fea6c6c32/tiangong_lca_data/processes/e88dc78d-a163-4579-9ec7-b9cea7fea08e.xml,2026-10-08T06:32:20.625936+00:00,67bc592e8a67a8ea33f69e9dc54919eb2babbd041326766b29d3c8b7976afd1b,"e88dc78d-a163-4579-9ec7-b9cea7fea08e:Nylon 6 industrial yarn ; Nylon 6 slices ; Slicing - drying - melting - spinning - multi-stage drafting - winding ; All sizes; NESPS2;e44fb950-fec6-46b2-af7d-85a3fbbf6837:Gravure ink ; Polyamide resin, organic pigments, organic solvents ; Liquid ink process ; less than 5000 t/a; NESPS2;cd4d61e8-a830-4882-99ec-5078eafb6d16:Nylon 66 industrial wire ; Nylon 66 slices ; Slicing - drying - melting - spinning - drawing - winding ; All sizes; NESPS2","candidate only: region, product/flow mapping and complete LCIA compatibility not verified",candidate,not included in US-modelled calculation
Polyoxymethylene (POM),0.00975,kg,Commons Merged / USLCI,searched v0.1.0-alpha,not selected,unknown,unknown,unknown,unknown,unknown,https://github.com/FLCAC-admin/commons_merged/releases/tag/v0.1.0-alpha,2026-10-08T06:32:20.625936+00:00,not applicable,no name hits,no suitable product flow/grade or unknown activity quantity,unresolved,material supply or service activity not calculated
Polycarbonate (PC),0.00675,kg,Commons Merged / USLCI,searched v0.1.0-alpha,not selected,unknown,unknown,unknown,unknown,unknown,https://github.com/FLCAC-admin/commons_merged/releases/tag/v0.1.0-alpha,2026-10-08T06:32:20.625936+00:00,not applicable,531f7547-3175-4114-842a-cf358fb4a10b:Polycarbonate Bridge; USLCI to USEEIO,no suitable product flow/grade or unknown activity quantity,unresolved,material supply or service activity not calculated
Acrylonitrile-butadiene-styrene (ABS),0.03,kg,Commons Merged / USLCI,Commons_Merged_v0.1.0-alpha; USLCI v1.2026-06.1,0e42a306-ee2d-362e-8bc3-580000096459,00.01.009,"Acrylonitrile-butadiene-styrene, ABS; copolymer resin; at plant",Northern America,kg,1 kg finished/kg reference,https://github.com/FLCAC-admin/commons_merged/releases/download/v0.1.0-alpha/Commons_Merged_v0.1.0-alpha.zip,2026-10-08T06:32:20.625936+00:00,0424fe117087d4ef08aa16e6d0c0900db7900f2da0016fab19c240be224fef49,"0e42a306-ee2d-362e-8bc3-580000096459:Acrylonitrile-butadiene-styrene, ABS; copolymer resin; at plant",resin supply only; component conversion absent,proxy,provider and CF gaps; some foreground conversion/transport/assembly unknown
Silicone,0.012,kg,Commons Merged / USLCI,searched v0.1.0-alpha,not selected,unknown,unknown,unknown,unknown,unknown,https://github.com/FLCAC-admin/commons_merged/releases/tag/v0.1.0-alpha,2026-10-08T06:32:20.625936+00:00,not applicable,no name hits,no suitable product flow/grade or unknown activity quantity,unresolved,material supply or service activity not calculated
Silicone,0.012,kg,TianGong historical public git,repository v0.2.0; commit c50cab7961e0b0ca11c26a600bd4c90fea6c6c32,a9323f4f-31bf-4282-9a03-2ee92ac355bd,unknown,"Organic silicon ; Chloromethane, silica powder, methyl crude monomer ; Synthesis of silicone monomers ; All sizes; NESPS2",China/unknown,unknown,not applied,https://github.com/tiangong-lca/data/blob/c50cab7961e0b0ca11c26a600bd4c90fea6c6c32/tiangong_lca_data/processes/a9323f4f-31bf-4282-9a03-2ee92ac355bd.xml,2026-10-08T06:32:20.625936+00:00,66c863081c5cbf716caa06ebfd10c552873a4be5e8985eb099c3b34fc0a2eea8,"a9323f4f-31bf-4282-9a03-2ee92ac355bd:Organic silicon ; Chloromethane, silica powder, methyl crude monomer ; Synthesis of silicone monomers ; All sizes; NESPS2","candidate only: region, product/flow mapping and complete LCIA compatibility not verified",candidate,not included in US-modelled calculation
LDPE packaging foil,0.0063,kg,Commons Merged / USLCI,Commons_Merged_v0.1.0-alpha; USLCI v1.2026-06.1,6a12cba1-889d-4515-90f8-89feb8d662f2,00.01.010,"Low-density polyethylene, LDPE; virgin resin; at plant",Northern America,kg,1 kg finished/kg reference,https://github.com/FLCAC-admin/commons_merged/releases/download/v0.1.0-alpha/Commons_Merged_v0.1.0-alpha.zip,2026-10-08T06:32:20.625936+00:00,c6cfbc78f31a4e5f40b2958396f200a92f3a3425d73abc000f1c585a57b8d641,"1dbafde2-2bc3-405c-9726-4d92fe7d29f9:Linear low-density polyethylene, LLDPE; virgin resin; at plant;6a12cba1-889d-4515-90f8-89feb8d662f2:Low-density polyethylene, LDPE; virgin resin; at plant;26f39b7c-389c-4903-8f09-6ef5e95876cc:Stretch film, linear low density polyethylene, LLDPE; at plant;9fe670f2-0846-377e-8b15-db170d54ac32:Injection molding; rigid LLDPE part; at plant",closest public process; finished-film conversion absent,proxy,provider and CF gaps; some foreground conversion/transport/assembly unknown
LDPE packaging foil,0.0063,kg,TianGong historical public git,repository v0.2.0; commit c50cab7961e0b0ca11c26a600bd4c90fea6c6c32,218eaad4-dfc5-4a21-abd3-2e9dd0997fe3,unknown,Low Density Polyethylene(LDPE) production;LDPE,China/unknown,unknown,not applied,https://github.com/tiangong-lca/data/blob/c50cab7961e0b0ca11c26a600bd4c90fea6c6c32/tiangong_lca_data/processes/218eaad4-dfc5-4a21-abd3-2e9dd0997fe3.xml,2026-10-08T06:32:20.625936+00:00,6125a9d100477622aa8e9627c54c99cb41c1b02a01257523860c3f86e438aa7f,218eaad4-dfc5-4a21-abd3-2e9dd0997fe3:Low Density Polyethylene(LDPE) production;LDPE,"candidate only: region, product/flow mapping and complete LCIA compatibility not verified",candidate,not included in US-modelled calculation
Cardboard packaging,0.1315,kg,Commons Merged / USLCI,Commons_Merged_v0.1.0-alpha; USLCI v1.2026-06.1,226ed3c2-e020-4c95-b1fc-4559fc2d18ac,00.01.008,Corrugated product; average production; at mill,United States of America (the),kg,1 kg finished/kg reference,https://github.com/FLCAC-admin/commons_merged/releases/download/v0.1.0-alpha/Commons_Merged_v0.1.0-alpha.zip,2026-10-08T06:32:20.625936+00:00,3f3e7b87f049f5210f7ee6c7770c07c24808f2bee89802147f412663e973fe97,226ed3c2-e020-4c95-b1fc-4559fc2d18ac:Corrugated product; average production; at mill;9c10be0f-e38e-4551-b8b5-eef65fa27dcc:Corrugated product; 100% recycled; at mill;9da15ed3-884b-4007-bf5e-7dd1bc4808b8:Combustion of corrugated containers,closest public corrugated product; box conversion uncertain,proxy,provider and CF gaps; some foreground conversion/transport/assembly unknown
Cardboard packaging,0.1315,kg,TianGong historical public git,repository v0.2.0; commit c50cab7961e0b0ca11c26a600bd4c90fea6c6c32,b0a8d882-9859-4069-b59b-90dd19dc98a0,unknown,"Corrugated carton production ; corrugated cardboard ; cutting, printing, packaging",China/unknown,unknown,not applied,https://github.com/tiangong-lca/data/blob/c50cab7961e0b0ca11c26a600bd4c90fea6c6c32/tiangong_lca_data/processes/b0a8d882-9859-4069-b59b-90dd19dc98a0.xml,2026-10-08T06:32:20.625936+00:00,4e98d5c7da91e2acea4d5b013e17383e7961cb901cca8deb2d97e4315de24668,"fee337c1-1352-4b3c-aa70-01d88cd25ff4:Papermaking ; White cardboard ; Chemical pulp, waste paper pulp, chemical mechanical pulp ; Mechanical paper copying ; All sizes; NESPS2;fe1c9c0b-9c65-4ad5-aa4b-a56deabd1987:Papermaking ; Box cardboard (uncoated) ; Mechanical wood pulp, waste paper pulp ; Mechanical paper copying ; All sizes; NESPS2;d3954d8b-62a4-4cf0-bb69-bc365be781dd:Corrugated board production/OCC/non-deinking","candidate only: region, product/flow mapping and complete LCIA compatibility not verified",candidate,not included in US-modelled calculation
Component forming and metalwork,unknown,unknown,Commons Merged / USLCI,searched v0.1.0-alpha,not selected,unknown,unknown,unknown,unknown,unknown,https://github.com/FLCAC-admin/commons_merged/releases/tag/v0.1.0-alpha,2026-10-08T06:32:20.625936+00:00,not applicable,"89a2b59a-1ca2-34f5-acc8-a8eaaa6fa870:Injection molding; rigid polypropylene part; at plant;9fe670f2-0846-377e-8b15-db170d54ac32:Injection molding; rigid LLDPE part; at plant;96543dd3-baab-3a93-97f4-ea0eca58e7b7:Aluminum can manufacturing; stamping, pressing, cutting; at plant",no suitable product flow/grade or unknown activity quantity,unresolved,material supply or service activity not calculated
Assembly electricity,unknown,unknown,Commons Merged / USLCI,searched v0.1.0-alpha,not selected,unknown,unknown,unknown,unknown,unknown,https://github.com/FLCAC-admin/commons_merged/releases/tag/v0.1.0-alpha,2026-10-08T06:32:20.625936+00:00,not applicable,2b091e0d-d0de-31a1-89db-3f51a9c5cf12:Electricity; nuclear; at power plant;4b3de918-4d30-3184-bdaa-60d8575c5af4:Electricity; diesel; at power plant;4d21df14-9a73-31ce-9a5f-dee0cd2a2aed:Electricity; aluminum smelting and ingot casting regions;5b26dd62-5ab0-3822-b39c-6aa187efc9e5:Electricity; lignite coal; at power plant;6023a2bf-2d42-348b-bee7-caae15319edb:Electricity; bauxite mining regions,no suitable product flow/grade or unknown activity quantity,unresolved,material supply or service activity not calculated
Inbound freight,unknown,unknown,Commons Merged / USLCI,searched v0.1.0-alpha,not selected,unknown,unknown,unknown,unknown,unknown,https://github.com/FLCAC-admin/commons_merged/releases/tag/v0.1.0-alpha,2026-10-08T06:32:20.625936+00:00,not applicable,"61ff7eba-1846-30cb-9840-33939ee0dc26:Transport, aircraft; freight;1060609d-5399-31d3-ae65-76bc3141d232:Transport, rail, freight; diesel powered; tier 1;321d80f3-e098-3c72-894e-ca94d28d7351:Transport, rail, freight; diesel powered; tier no emissions control;704b8643-d080-3389-822d-7ecec8634ec8:Transport, rail, freight; diesel powered; tier 0;7285a2c7-2fca-35dc-8826-c8c769ede0d1:Transport, rail, freight; diesel powered; tier 2+",no suitable product flow/grade or unknown activity quantity,unresolved,material supply or service activity not calculated
Scrap treatment,unknown,unknown,Commons Merged / USLCI,searched v0.1.0-alpha,not selected,unknown,unknown,unknown,unknown,unknown,https://github.com/FLCAC-admin/commons_merged/releases/tag/v0.1.0-alpha,2026-10-08T06:32:20.625936+00:00,not applicable,"1c2df1d7-ac7b-3bdc-a938-ef8de1c60878:Operation of equipment; scrapers; diesel powered;12ba204b-7438-49df-abbb-b8cbe817927e:Containerboard; 100% recycled; at mill;9c10be0f-e38e-4551-b8b5-eef65fa27dcc:Corrugated product; 100% recycled; at mill;17664c37-72c0-4813-a4b9-93f962962c63:Recycled postconsumer high-density polyethylene, HDPE, flake; at plant;185648c2-334e-419c-bf16-bb95e258f6bb:Recycled postconsumer polypropylene, PP, pellet; at plant",no suitable product flow/grade or unknown activity quantity,unresolved,material supply or service activity not calculated
