foreground_input,database,query_regex,hit_count,example_ids,searched_at_utc
Stainless steel,Commons Merged (USLCI/US Electricity),stainless steel,0,,2026-10-08T06:32:20.625936+00:00
Stainless steel,TianGong historical public git,stainless steel,4,f62bfcf6-763d-4b9f-9744-1e18984eb129;6fcb8304-d211-4c79-a9de-a1b07058ce02;5c26ad7e-d85e-4fc5-af83-c862d63ab4dc;38c47da1-4683-4beb-8665-6967da3e6b9e,2026-10-08T06:32:20.625936+00:00
Brass,Commons Merged (USLCI/US Electricity),brass,0,,2026-10-08T06:32:20.625936+00:00
Brass,TianGong historical public git,brass,0,,2026-10-08T06:32:20.625936+00:00
Copper,Commons Merged (USLCI/US Electricity),copper,2,f0810c41-81cd-3dea-83b2-7a66c7fd9362;6373ec73-ca57-47bd-8284-2f3cc25b8637,2026-10-08T06:32:20.625936+00:00
Copper,TianGong historical public git,copper,88,fd49dcc5-d02b-4597-a9ee-c965f73d4dfb;fb43bb9e-eb01-48ed-ad3e-7f3662b3cdfe;fa57797d-3069-46e9-8822-1ad121b49a77;f62bfcf6-763d-4b9f-9744-1e18984eb129;f53d5147-71ae-4911-a5c1-aa01ab93fa2a,2026-10-08T06:32:20.625936+00:00
Polypropylene (PP),Commons Merged (USLCI/US Electricity),polypropylene,4,2e8facf6-46aa-4ddb-95de-a4e2a00eb2bb;185648c2-334e-419c-bf16-bb95e258f6bb;18c37a18-0ddd-3944-b9b1-458410215233;89a2b59a-1ca2-34f5-acc8-a8eaaa6fa870,2026-10-08T06:32:20.625936+00:00
Polypropylene (PP),TianGong historical public git,polypropylene,10,d620aae0-5c6c-4e19-b7a7-7bd99718ce20;bcd11eaa-616b-491f-bf87-e25393ed3fcf;b8bcc804-5a15-4a20-8b19-5838f23840e7;a8c2f326-81b9-4e83-a9a0-1b6c3725cae5;91a5462f-3a1a-49e9-afec-07b60609dfaf,2026-10-08T06:32:20.625936+00:00
Polyvinyl chloride (PVC),Commons Merged (USLCI/US Electricity),polyvinyl chloride|\bPVC\b,6,3dbccdda-2014-4239-ad1f-4e15c034942b;3614b7fc-8ce3-396c-a092-cce24460b44f;662f589e-3363-3b4d-92a4-c98f68bc3339;d5b7de33-7b2e-3807-9790-76a0254cc6bf;d91ee594-22ae-390a-93ed-1f6b7be34714,2026-10-08T06:32:20.625936+00:00
Polyvinyl chloride (PVC),TianGong historical public git,polyvinyl chloride|\bPVC\b,31,f875dd7d-668c-4915-8636-c3bbe94bb746;f2fd50e3-5833-4125-a24f-a2feb48eee3b;e224d7f9-35a8-4a8d-bcff-58eaa06bdd97;e21bc227-7f01-4e13-870c-0229ebe9927d;dfd362de-2b2b-4744-a349-b49f2f96e6e5,2026-10-08T06:32:20.625936+00:00
"Nylon, grade unspecified",Commons Merged (USLCI/US Electricity),nylon|polyamide,2,052c051b-b37f-4f00-9fe8-f5b2764b69c1;a2174501-418e-4b2e-9dbd-fa81f5f0bcc7,2026-10-08T06:32:20.625936+00:00
"Nylon, grade unspecified",TianGong historical public git,nylon|polyamide,8,e88dc78d-a163-4579-9ec7-b9cea7fea08e;e44fb950-fec6-46b2-af7d-85a3fbbf6837;cd4d61e8-a830-4882-99ec-5078eafb6d16;bd2e7a89-9442-4f60-9be8-38e009a75527;a4c2bbec-d232-413e-bb8c-ed20219ca79d,2026-10-08T06:32:20.625936+00:00
Polyoxymethylene (POM),Commons Merged (USLCI/US Electricity),polyoxymethylene|polyacetal,0,,2026-10-08T06:32:20.625936+00:00
Polyoxymethylene (POM),TianGong historical public git,polyoxymethylene|polyacetal,0,,2026-10-08T06:32:20.625936+00:00
Polycarbonate (PC),Commons Merged (USLCI/US Electricity),polycarbonate,1,531f7547-3175-4114-842a-cf358fb4a10b,2026-10-08T06:32:20.625936+00:00
Polycarbonate (PC),TianGong historical public git,polycarbonate,2,b3e1bc90-1bee-450e-a10f-e36396b936aa;9e36185b-3c9b-41a5-b322-7cf704c2c113,2026-10-08T06:32:20.625936+00:00
Acrylonitrile-butadiene-styrene (ABS),Commons Merged (USLCI/US Electricity),\bABS\b|acrylonitrile.butadiene.styrene,1,0e42a306-ee2d-362e-8bc3-580000096459,2026-10-08T06:32:20.625936+00:00
Acrylonitrile-butadiene-styrene (ABS),TianGong historical public git,\bABS\b|acrylonitrile.butadiene.styrene,7,b3e1bc90-1bee-450e-a10f-e36396b936aa;9e36185b-3c9b-41a5-b322-7cf704c2c113;7cfd6b8f-5dd6-4583-86b6-b743631608a3;578a9d56-1005-4e75-abbd-30affe304c7d;4934a9f2-c7d6-4509-843b-5ca2d48baaa5,2026-10-08T06:32:20.625936+00:00
Silicone,Commons Merged (USLCI/US Electricity),silicone,0,,2026-10-08T06:32:20.625936+00:00
Silicone,TianGong historical public git,silicone,1,a9323f4f-31bf-4282-9a03-2ee92ac355bd,2026-10-08T06:32:20.625936+00:00
LDPE packaging foil,Commons Merged (USLCI/US Electricity),LDPE|low.density polyethylene,4,1dbafde2-2bc3-405c-9726-4d92fe7d29f9;6a12cba1-889d-4515-90f8-89feb8d662f2;26f39b7c-389c-4903-8f09-6ef5e95876cc;9fe670f2-0846-377e-8b15-db170d54ac32,2026-10-08T06:32:20.625936+00:00
LDPE packaging foil,TianGong historical public git,LDPE|low.density polyethylene,1,218eaad4-dfc5-4a21-abd3-2e9dd0997fe3,2026-10-08T06:32:20.625936+00:00
Cardboard packaging,Commons Merged (USLCI/US Electricity),cardboard|corrugated,3,226ed3c2-e020-4c95-b1fc-4559fc2d18ac;9c10be0f-e38e-4551-b8b5-eef65fa27dcc;9da15ed3-884b-4007-bf5e-7dd1bc4808b8,2026-10-08T06:32:20.625936+00:00
Cardboard packaging,TianGong historical public git,cardboard|corrugated,10,fee337c1-1352-4b3c-aa70-01d88cd25ff4;fe1c9c0b-9c65-4ad5-aa4b-a56deabd1987;d3954d8b-62a4-4cf0-bb69-bc365be781dd;b0a8d882-9859-4069-b59b-90dd19dc98a0;97954c20-c1f2-47c6-9bfd-7d7b10227c5f,2026-10-08T06:32:20.625936+00:00
Component forming and metalwork,Commons Merged (USLCI/US Electricity),injection molding|metal forming|stamping,3,89a2b59a-1ca2-34f5-acc8-a8eaaa6fa870;9fe670f2-0846-377e-8b15-db170d54ac32;96543dd3-baab-3a93-97f4-ea0eca58e7b7,2026-10-08T06:32:20.625936+00:00
Component forming and metalwork,TianGong historical public git,injection molding|metal forming|stamping,11,eb8b2ff0-c54c-485d-a467-2191eefa2176;df22f68f-4cca-45c2-999d-fd31162d5bf1;d30548bb-1998-4acb-a7c0-37d7a084fef5;c799d1ec-6f32-4582-9012-83f0bbb09835;bb342230-e170-4dfd-8258-209885eda03d,2026-10-08T06:32:20.625936+00:00
Assembly electricity,Commons Merged (USLCI/US Electricity),electricity,842,2b091e0d-d0de-31a1-89db-3f51a9c5cf12;4b3de918-4d30-3184-bdaa-60d8575c5af4;4d21df14-9a73-31ce-9a5f-dee0cd2a2aed;5b26dd62-5ab0-3822-b39c-6aa187efc9e5;6023a2bf-2d42-348b-bee7-caae15319edb,2026-10-08T06:32:20.625936+00:00
Assembly electricity,TianGong historical public git,electricity,115,fff1ea03-589a-46a5-a56e-270f7d0dd581;ff439f56-2acb-469a-bfc7-04d0d72cc99f;fe7b561c-f59e-4c41-8488-bb8acf5556ff;fc4623f0-0016-44f5-813b-d64d88901176;f8860728-fce8-4423-933f-adec7c71b138,2026-10-08T06:32:20.625936+00:00
Inbound freight,Commons Merged (USLCI/US Electricity),transport|freight,536,61ff7eba-1846-30cb-9840-33939ee0dc26;1060609d-5399-31d3-ae65-76bc3141d232;321d80f3-e098-3c72-894e-ca94d28d7351;704b8643-d080-3389-822d-7ecec8634ec8;7285a2c7-2fca-35dc-8826-c8c769ede0d1,2026-10-08T06:32:20.625936+00:00
Inbound freight,TianGong historical public git,transport|freight,76,fc8775a6-5dde-4d3d-9e62-5602aa73802f;fb0cca53-923e-4002-891d-55d4ef311e87;f8170ad9-ebd7-4dd2-8106-353a4731dc54;f63585fe-ecf4-420e-9443-683c6d529eb6;f5ee6df1-4674-4c27-8b3e-c4cecfc38fba,2026-10-08T06:32:20.625936+00:00
Scrap treatment,Commons Merged (USLCI/US Electricity),recycl|scrap,20,1c2df1d7-ac7b-3bdc-a938-ef8de1c60878;12ba204b-7438-49df-abbb-b8cbe817927e;9c10be0f-e38e-4551-b8b5-eef65fa27dcc;17664c37-72c0-4813-a4b9-93f962962c63;185648c2-334e-419c-bf16-bb95e258f6bb,2026-10-08T06:32:20.625936+00:00
Scrap treatment,TianGong historical public git,recycl|scrap,233,ffbc6a67-fb67-4a1c-aaad-b5ab90444e6e;fc3cb191-dd4b-4049-a70b-928863fbacb0;fc315f82-c789-4bb4-82cf-df6e720c6272;fb7b5ee7-e895-4ec1-b27a-c3718849b2d3;fa62331e-4342-49a9-89f2-127ec4eb6866,2026-10-08T06:32:20.625936+00:00
